name,town,state,operator,usage_type,power_kw,connectors,lat,long
ANERT EESL - Kulappulli Bus Stand,Shornur,Kerala,EESL (IN),Public - Membership Required,,"Type 2 (Tethered Connector) , CCS (Type 2), CHAdeMO",10.781016444981958,76.27832766263367
Kulappully KSEB EVCS - ChargeMOD,Kulappully,Kerala,ChargeMod (IN),Public - Membership Required,,"CEE 3 Pin, CCS (Type 2), GB-T DC - GB/T 20234.3",10.779746009556462,76.28528085807898
EV Super Charging Station,Pattambi,Kerala,GO EC (IN),Public - Membership Required,,CCS (Type 2),10.80479517192704,76.20815708375358
Syndicate Mall and Cinemas,Koppam,Kerala,ChargeMod (IN),Public - Membership Required,,CCS (Type 2),10.878265919428571,76.1876066172299
Pattambi Power Bank - GO EC,Pattambi,Kerala,GO EC (IN),Public - Membership Required,,"CEE 3 Pin, CCS (Type 2)",10.811068529416133,76.18644369742708
AR Dine - GO EC,Cheruthuruthi,Kerala,GO EC (IN),Public - Membership Required,,CCS (Type 2),10.750381972119513,76.27475659553528
Medi Mall EVCS - ChargeMOD,Pattambi,Kerala,ChargeMod (IN),Public - Membership Required,,CCS (Type 2),10.801586108398226,76.17840842985345
InFour Wheel Care And Tyres - Tata Power,Perinthalmanna,Kerala,Tata Power,Public - Membership Required,,CCS (Type 2),10.960237966009913,76.23467881441366
Shalimar EVCS - GO EC,Perinthalmanna,Kerala,GO EC (IN),Public - Membership Required,,"CEE 3 Pin, CCS (Type 2)",10.96529678353042,76.2838983337245
New Kerala Hotel EVCS - GO EC,Nhangattiri,Kerala,GO EC (IN),Public - Membership Required,,CCS (Type 2),10.784880988938937,76.17067627366248
Lakshmi KRS EVCS - ChargeMOD,Sreekrishnapuram,Kerala,ChargeMod (IN),Public - Membership Required,,CCS (Type 2),10.898080110436226,76.39529564847953
ANERT EESL - Moosakkutti Memorial Bus Stand,Perinthalmanna,Kerala,EESL (IN),Public - Membership Required,,"Type 2 (Tethered Connector) , CCS (Type 2), CHAdeMO",10.97506930502017,76.22228328115466
Hotel Mughal Park - ChargeMOD,Perinthalmanna,Kerala,ChargeMod (IN),Public - Membership Required,,CCS (Type 2),10.977193894783383,76.22165088752695
TML KVR Automotive - Tata Power,Perinthalmanna,Kerala,Tata Power,Public - Membership Required,,CCS (Type 2),10.984502724399704,76.18784701110644
Green Valley - GO EC,Thirissur,Kerala,GO EC (IN),Public - Membership Required,,"CEE 3 Pin, Type 2 (Tethered Connector) , CCS (Type 2)",10.69271606194583,76.26858375420068
Koottanad KSEB EVCS - ChargeMOD,Kootanad,Kerala,ChargeMod (IN),Public - Membership Required,,"CEE 3 Pin, CCS (Type 2), GB-T DC - GB/T 20234.3",10.75829320199584,76.13036645434084
Evee Buddy - ChargeMOD,Lakkidi,Kerala,ChargeMod (IN),Public - Membership Required,,CCS (Type 2),10.778142494678946,76.43743038448139
Green Drive EVCS - ChargeMOD,Vengoor,Kerala,ChargeMod (IN),Public - Membership Required,,CCS (Type 2),11.034502393123475,76.261886610857
Flash Charge EVCS - ChargeMOD,Erumappetti,Kerala,ChargeMod (IN),Public - Membership Required,,"CEE 3 Pin, CCS (Type 2)",10.68134081925561,76.16966999398119
MKM Melattur (EVOK) - ChargeMOD,Melattur,Kerala,ChargeMod (IN),Public - Membership Required,,"CEE 3 Pin, CCS (Type 2)",11.056208090445125,76.2785120254236
Green Zone EVCS - GO EC,Valanchery,Kerala,GO EC (IN),Public - Membership Required,,"CEE 3 Pin, CCS (Type 2)",10.873413080879715,76.06245822988649
SR Power Hub - ChargeMOD,Wadakkanchery,Kerala,ChargeMod (IN),Public - Membership Required,,"CEE 3 Pin, Type 2 (Tethered Connector) , CCS (Type 2)",10.644411306533499,76.2366523754647
Sanjeevani Green - GO EC,Thiruvilwamala,Kerala,GO EC (IN),Public - Membership Required,,"CEE 3 Pin, CCS (Type 2)",10.710021712685972,76.42879294152868
IOCL Sigma Enterprises Charging Station - Tata Power,Valanchery,Kerala,Tata Power,Public - Membership Required,,CCS (Type 2),10.897914194795774,76.06100966592317
Avenue Plaza - ChargeMOD,Mannarkkad,Kerala,ChargeMod (IN),Public - Membership Required,,CCS (Type 2),10.98886452092161,76.43668850614375
"Baboos Triangle, Zeon Charging Station",Kunnamkulam ,Kerala,Zeon Charging,Public,,CCS (Type 2),10.719479255348858,76.07748035368672
Relax Point Restaurant,Karippol,Kerala,ChargeMod (IN),Public - Membership Required,,CCS (Type 2),10.922820413293309,76.03291841407719
Sihla Energy EVCS - ChargeMOD,Changaramkulam,Kerala,ChargeMod (IN),Public - Membership Required,,CCS (Type 2),10.734551963997376,76.0486466862173
Core Multicusine Restaurant - ChargeMOD,Killannur,Kerala,ChargeMod (IN),Public - Membership Required,,CCS (Type 2),10.605823669307213,76.21178763460574
EcoCharge EVCS - ChargeMOD,Pandikkad,Kerala,ChargeMod (IN),Public - Membership Required,,"CEE 3 Pin, CCS (Type 2)",11.096399860074243,76.21070705445254
ANERT EESL - KILA Thrissur,Thrissur,Kerala,EESL (IN),Public - Membership Required,,"Type 2 (Tethered Connector) , CCS (Type 2), CHAdeMO",10.601581892750232,76.21488230874667
Kadharkkante Chayakkada - ChargeMOD,Changaramkulam,Kerala,ChargeMod (IN),Public - Membership Required,,CCS (Type 2),10.732605539222305,76.03743007303854
Unicorn Power EVCS - GO EC,Edappal,Kerala,GO EC (IN),Public - Membership Required,,CCS (Type 2),10.809946636248299,76.00873437017219
Oasis EV Super Charging Station,Mannarkkad,Kerala,GO EC (IN),Public - Membership Required,,"CEE 3 Pin, CCS (Type 2)",10.933556620012695,76.52721710150968
Jam Joom EV Charging Station - GO EC,Malappuram,Kerala,GO EC (IN),Public - Membership Required,,CCS (Type 2),11.043180592356805,76.08430155752035
Emirates Mall - Zeon,Edappal,Kerala,Zeon Charging,Public - Membership Required,,CCS (Type 2),10.786020507719897,76.00816181964399
Malappuram KSEB EVCS - ChargeMOD,Munduparamba,Kerala,ChargeMod (IN),Public - Membership Required,,"GB-T DC - GB/T 20234.3, Type 2 (Tethered Connector) , CCS (Type 2), CHAdeMO",11.054224531620463,76.09214302066454
Executive EVCS - ChargeMOD,Kechery,Kerala,ChargeMod (IN),Public - Membership Required,,CCS (Type 2),10.616626586395299,76.12578392344301
Tata.ev Store Malappuram,Malappuram,Kerala,Tata Power,Public - Membership Required,,CCS (Type 2),11.052515251663408,76.07764045262866
A M Tyres Malappuram - Tata Power,Malappuram,Kerala,Tata Power,Public - Membership Required,,CCS (Type 2),11.060402531981708,76.08084415906978
CG Cafe EVCS - GO EC,Pandikkad,Kerala,GO EC (IN),Public - Membership Required,,CCS (Type 2),11.139596145163637,76.23611346181906
ANERT EESL - Kanjirappuzha Garden,Mannarkkad,Keral,EESL (IN),Public - Membership Required,,"Type 2 (Tethered Connector) , CCS (Type 2), CHAdeMO",10.989259255628724,76.5370121393978
Viyyur KSEB,Thrissur,Kerala,(Unknown Operator),Public - Membership Required,,CCS (Type 2),10.559346433034207,76.2173581272001
Dream City Convention Center,Pattikkad,Kerala,Zeon Charging,Public - Membership Required,,CCS (Type 2),10.55587198783526,76.32282252128522
Club Sulaimani - Zeon,Kottakkal,Kerala,Zeon Charging,Public - Membership Required,,CCS (Type 2),10.983867426675815,75.99802950416446
Sihla Energy - ChargeMOD,Mundur,Kerala,ChargeMod (IN),Public - Membership Required,,CCS (Type 2),10.839491845338173,76.57999971285125
Amala Smart EVCS - GO EC,Peramangalam,Kerala,GO EC (IN),Public - Membership Required,,"CEE 3 Pin, CCS (Type 2)",10.564967494138358,76.16598425547983
Hotel Gokulam Relax Park,Manjeri,Kerala,Tata Power,Public - Membership Required,,"Type 2 (Tethered Connector) , CCS (Type 2)",11.118906106281457,76.11847374415197
Golden Baked EVCS - ChargeMOD,Manjeri,Kerala,ChargeMod (IN),Public - Membership Required,,CCS (Type 2),11.123411072326249,76.1241851617412
Nesto Hypermarket - Zeon,Kottakkal,Kerala,Zeon Charging,Public - Membership Required,,CCS (Type 2),10.99573941435061,75.99210993730881
Krishna Enterprises - ChargeMOD,Manjeri,Kerala,ChargeMod (IN),Public - Membership Required,,CCS (Type 2),11.123033354978745,76.11586842746766
Maranchery Bank EVCS - ChargeMOD,Maranchery,Kerala,ChargeMod (IN),Public - Membership Required,,"CEE 3 Pin, CCS (Type 2)",10.733824066652744,75.97481311884229
Shobha City Mall EVCS - GO EC,Thrissur,Kerala,GO EC (IN),Public - Membership Required,,"Type 2 (Tethered Connector) , CCS (Type 2)",10.548946556742209,76.18304110696954
Plug and Share Charge EVCS - ChargeMOD,Thrissur,Kerala,ChargeMod (IN),Public - Membership Required,,"CEE 3 Pin, CCS (Type 2)",10.540561786051626,76.21568678106814
VP Mall EVCS - GO EC,Manjeri,Kerala,GO EC (IN),Public - Membership Required,,"CEE 3 Pin, CCS (Type 2)",11.128915821482948,76.11539460586829
Nesto Hypermarket,Thrissur,Kerala,Zeon Charging,Public - Membership Required,,CCS (Type 2),10.539926248084,76.19288757731226
TML Hyson Motors - Tata Power,Thrissur,Kerala,Tata Power,Public - Membership Required,,CCS (Type 2),10.540422993964356,76.18967782467394
Punkunnam-Guruvayoor Road,Thrissur,Kerala,Ather Grid Point (India),Public - Pay At Location,,Type M,10.537654030632055,76.19714944011241
Evee Buddy - ChargeMOD,Vadakkencherry,Kerala,ChargeMod (IN),Public - Membership Required,,"CEE 3 Pin, CCS (Type 2)",10.59195730674837,76.46571176693163
Thirunilath ECVS Charging Station - ChargeMOD,Kottakkal,Kerala,ChargeMod (IN),Public - Membership Required,,CCS (Type 2),11.001726591966232,75.98044942341241
Sihla Energy CV Junction,Ponnanu,Kerala,ChargeMod (IN),Public - Membership Required,,CCS (Type 2),10.78474624498736,75.94715236357325
Vadakkenchery KSEB EVCS - ChargeMOD,Vadakkenchery,Kerala,ChargeMod (IN),Public - Membership Required,,"GB-T DC - GB/T 20234.3, CCS (Type 2), CEE 3 Pin, CHAdeMO",10.597238174568261,76.4798493658505
SJ Eco Power Charge - GO EC,Alathur,Kerala,GO EC (IN),Public - Membership Required,,"CEE 3 Pin, Type 2 (Tethered Connector) ",10.638304424407124,76.52393013576875
Ponnani KSEB EVCS - ChargeMOD,Ponnani,Kerala,ChargeMod (IN),Public - Membership Required,,"GB-T DC - GB/T 20234.3, Type 2 (Tethered Connector) , CCS (Type 2), CHAdeMO",10.77270262589785,75.94715150475236
Vydyuthi Bhavan KSEB EVCS - ChargeMOD,Thrissur,Kerala,ChargeMod (IN),Public - Membership Required,,"GB-T DC - GB/T 20234.3, Type 2 (Tethered Connector) , CCS (Type 2), CHAdeMO",10.527794705960048,76.20534384591946
Jeevz - GO EC,Vadakkencherry,Kerala,GO EC (IN),Public - Membership Required,,CCS (Type 2),10.593239028175063,76.48253527396616
Guardian EV Charging Station by Imminent Future - ChargeMOD,Thrissur,Kerala,ChargeMod (IN),Public - Membership Required,,CCS (Type 2),10.522036160727893,76.22756889930918
V8 Car Spa (EVOK) - ChargeMOD,Thrissur,Kerala,ChargeMod (IN),Public - Membership Required,,"CEE 3 Pin, CCS (Type 2)",10.521332304786895,76.23075684655782
Electrica EVCS - ChargeMOD,Palakkad,Kerala,ChargeMod (IN),Public - Membership Required,,CCS (Type 2),10.785354858796723,76.60395568328437
PCK Centenary,Thrissur,Kerala,Tata Power,Public - Membership Required,,CCS (Type 2),10.522940422798897,76.20624766653009
Daiz and Co. EVCS - GO EC,Thrissur,Kerala,GO EC (IN),Public - Membership Required,,CCS (Type 2),10.526149574968883,76.18795462415846
Chennai Ananda Bhavan,Thrissur,Kerala,Zeon Charging,Public - Membership Required,,CCS (Type 2),10.51275970432485,76.25891674593504
Hotel Devaragam,Guruvayur,Kerala,Zeon Charging,Public - Membership Required,,CCS (Type 2),10.595622580626454,76.04459842650351
Hotel Gokulam Sabari - Tata Power,Guruvayur,Kerala,Tata Power,Public - Membership Required,,"Type 2 (Tethered Connector) , CCS (Type 2)",10.596356977075132,76.0429344292022
Sree Krishna Hotel - GO EC,Guruvayoor,Kerala,GO EC (IN),Public - Membership Required,,CEE 3 Pin,10.598447823364936,76.03636788702198
Anchorage AC - ChargeMOD,Mundupalam,Kerala,ChargeMod (IN),Public - Membership Required,,CCS (Type 2),10.51150300660646,76.2211242647158
Doctor Green EVCS - GO EC,Alathur,Kerala,GO EC (IN),Public - Membership Required,,"CEE 3 Pin, CCS (Type 2)",10.646166361085193,76.55140239344632
Flash Hub EVCS - ChargeMOD,Thrissur,Kerala,ChargeMod (IN),Public - Membership Required,,"CEE 3 Pin, CCS (Type 2)",10.504451667440918,76.2253414703747
Nesto Hypermarket Zeon,Thirur,Kerala,Zeon Charging,Public - Membership Required,,CCS (Type 2),10.907726245273935,75.92032568189924
Tirur KSEB EVCS - ChargeMOD,Tirur,Kerala,ChargeMod (IN),Public - Membership Required,,"CEE 3 Pin, CCS (Type 2), GB-T DC - GB/T 20234.3",10.916247276818709,75.9182865420172
AAK Mall,Tirur,Kerala,Tata Power,Public - Membership Required,,CCS (Type 2),10.918580614575077,75.91779832596808
Tata.ev Hyson Motors - Tata Power,Thrissur,Kerala,Tata Power,Public - Membership Required,,CCS (Type 2),10.496728474625243,76.25836131243113
Hilite Mall,Thrissur,Kerala,Zeon Charging,Public - Membership Required,,CCS (Type 2),10.49548871358526,76.25680252890044
HIQ Highway Market - GO EC,Venniyour,Kerala,GO EC (IN),Public - Membership Required,,CCS (Type 2),11.021175494360463,75.94812608969005
IOCL Aaditya Petroleum Naduvath Charging Station - Tata Power,Wandoor,Kerala,Tata Power,Public - Membership Required,,CCS (Type 2),11.211054369500445,76.22468507295008
Plugin EVCS - ChargeMOD,Marathakkara,Kerala,ChargeMod (IN),Public - Membership Required,,"CEE 3 Pin, CCS (Type 2)",10.476826918091618,76.25758184965241
Moto Town Auto Hub - Tata Power,Wandoor,Kerala,Tata Power,Public - Membership Required,,CCS (Type 2),11.223249596398574,76.216915246844
One Stop Automotive Cahrging Station - Tata Power,Edavanna,Kerala,Tata Power,Public - Membership Required,,CCS (Type 2),11.204146203983242,76.13673353482534
Grand Hyundai - ChargeZone,Palakkad,Kerala,Chargezone (India),Public - Membership Required,,CCS (Type 2),10.790476610940487,76.65111938555197
MB#Bridgeway Motors - ChargeZone,Thrissur,Kerala,Chargezone (India),Public - Membership Required,,CCS (Type 2),10.471047117861417,76.25745902731421
KVR Automotive - Tata Power,Koppam,Kerala,Tata Power,Public - Membership Required,,CCS (Type 2),10.782258203557745,76.65824510709217
IOCL Thiruvonam Fuels - Tata Power,Palakkad,Kerala,Tata Power,Public - Membership Required,,"CCS (Type 2), CHAdeMO",10.769830981411019,76.6680965040648
Changathikoottam EVCS - ChargeMOD,Nenmara,Kerala,ChargeMod (IN),Public - Membership Required,,CCS (Type 2),10.593403340483874,76.58352519849984
Hotel Bhavan EVCS (EVOK) - ChargeMOD,Engandiyoor,Kerala,ChargeMod (IN),Public - Membership Required,,CCS (Type 2),10.497688531804059,76.06464225925947
ABS Motors - GO EC,Nilambur,Kerala,GO EC (IN),Public - Membership Required,,CCS (Type 2),11.253647260873336,76.20190120433364
Green Drive EV Super Charging Station,Vadanappilly,Kerala,GO EC (IN),Public - Membership Required,,CCS (Type 2),10.494542466430332,76.06584744162075
Sree Sankara EVCS - GO EC,Vadanappalli,Kerala,GO EC (IN),Public - Membership Required,,CCS (Type 2),10.487291202025474,76.07083611597062
Gokulam Residency - Tata Power,Amballur,Kerala,Tata Power,Public - Membership Required,,CCS (Type 2),10.436187097899406,76.2652058281742
Sree Rama EVCS - GO EC,Thrissur,Kerala,GO EC (IN),Public - Membership Required,,"CEE 3 Pin, CCS (Type 2)",10.435594973940098,76.26587468424111
Topup Zone EVCS - ChargeMOD,Amballur,Kerala,ChargeMod (IN),Public - Membership Required,,CCS (Type 2),10.433892384483272,76.26514871789954
Le Sky Dine EVCS - GO EC,Palakkad,Kerala,GO EC (IN),Public - Membership Required,,"Type 2 (Tethered Connector) , CCS (Type 2)",10.773957251049566,76.69819741498287
Chargify EV Super Charging Station ,Malappuram,Kerala,GO EC (IN),Public - Membership Required,,CCS (Type 2),11.07841705440245,75.90276391559283
Calicut Airport Charging Station - Tata Power,Kondotty,Kerala,Tata Power,Public - Membership Required,,CCS (Type 2),11.140292270314333,75.94831371133864
Jam Joom Super Market - GO EC,Nilambur,Kerala,GO EC (IN),Public - Membership Required,,CCS (Type 2),11.286680725471314,76.23926379142972
Surya Hotel (EVOK) - ChargeMOD,Chazhoor,Kerala,ChargeMod (IN),Public - Membership Required,,"CEE 3 Pin, CCS (Type 2)",10.431569255270972,76.14255951064098
Karulai Malayora Express EVCS - GO EC,Karulai,Kerala,GO EC (IN),Public - Membership Required,,CCS (Type 2),11.288049483016962,76.2979817145112
Sihla Energy EVCS - ChargeMOD,Karuvannur,Kerala,ChargeMod (IN),Public - Membership Required,,CCS (Type 2),10.408946582335531,76.21401108727605
Kay Pees Electricals (EVOK) - ChargeMOD,Pulikkal,Kerala,ChargeMod (IN),Public - Membership Required,,CCS (Type 2),11.168867778013905,75.92676863268412
EV Point EVCS - ChargeMOD,Kodakara,Kerala,ChargeMod (IN),Public - Membership Required,,CCS (Type 2),10.380660869345945,76.29768618030681
NOS2 Varalakshmi Motors EVCS - ChargeMOD,Pingottormad,Kerala,ChargeMod (IN),Public - Membership Required,,CCS (Type 2),11.144918979517485,75.89616975961107
Valappad KSEB EVCS - ChargeMOD,Valappad,Kerala,ChargeMod (IN),Public - Membership Required,,"GB-T DC - GB/T 20234.3, Type 2 (Tethered Connector) , CCS (Type 2), CHAdeMO",10.401732210974814,76.11933511778938
ANERT EESL - Chittur Thathamangalam Minicipality,Palakkad,Kerala,EESL (IN),Public - Membership Required,,"Type 2 (Tethered Connector) , CCS (Type 2), CHAdeMO",10.692951545459948,76.7262620829282
Nattika FIRKA Service Co-Operative Bank - ChargeMOD,Nattika,Kerala,ChargeMod (IN),Public - Membership Required,,CCS (Type 2),10.402437782624176,76.11263307811237
RG Nallanna EVCS (EVOK) - ChargeMOD,Aikkarapadi,Kerala,ChargeMod (IN),Public - Membership Required,,CCS (Type 2),11.17327990543808,75.9021517982653
Korner EVCS - ChargeMOD,Thrissur,Kerala,ChargeMod (IN),Public - Membership Required,,CCS (Type 2),10.367048481339793,76.31535658210885
Trends Edavannappara EVCS - ChargeMOD,Edavannappara,Kerala,ChargeMod (IN),Public - Membership Required,,CCS (Type 2),11.245323145434341,75.97749174887804
FUZO EV Super Charging Station,Kodungallur,Kerala,GO EC (IN),Public - Membership Required,,"CEE 3 Pin, CCS (Type 2)",10.378135160727652,76.12254539101707
Flash Charge EVCS - ChargeMOD,Kanjikkode,Kerala,ChargeMod (IN),Public - Membership Required,,"CEE 3 Pin, CCS (Type 2)",10.802279980273397,76.78520298821064
Flash Charge EVCS - ChargeMOD,Chalakudy,Kerala,ChargeMod (IN),Public - Membership Required,,CCS (Type 2),10.339608926521834,76.32174630594778
Irinjalakkuda KSEB EVCS - ChargeMOD,Irinjalakkuda,Kerala,ChargeMod (IN),Public - Membership Required,,"GB-T DC - GB/T 20234.3, Type 2 (Tethered Connector) , CCS (Type 2), CHAdeMO",10.331423098125157,76.21526077419406
Indus Motors - ChargeMOD,Feroke,Kerala,ChargeMod (IN),Public - Membership Required,,CCS (Type 2),11.180743762022217,75.85119863600679
Travlounge - Palakkad,Walayar,Kerala ,Zeon Charging,Public,,CCS (Type 2),10.82633,76.82033
Mall of Mukkom EVCS - GO EC,Mukkom,Kerala,GO EC (IN),Public - Membership Required,,CCS (Type 2),11.319727225409608,75.99551711292489
Mountainpass Residency - ChargeMOD,Vazhikadavu,Kerala,ChargeMod (IN),Public - Membership Required,,CCS (Type 2),11.386628059572274,76.35472249074127
Ahalia Walayar - GO EC,Walayar,Kerala,GO EC (IN),Public - Membership Required,,CCS (Type 2),10.826593048149789,76.82605307444436
TML Marina Motors - Tata Power,Kozhikode,Kerala,Tata Power,Public - Membership Required,,CCS (Type 2),11.216965265185237,75.85795106094037
Palakkad Ahalia Eye Hospital EVCS - GO EC,Elappully,Kerala,GO EC (IN),Public - Membership Required,,"CEE 3 Pin, Type 2 (Tethered Connector) ",10.79348727039229,76.82652950538215
Palakkad Ahalia Women and Childern Hospital EVCS - GO EC,Elappully,Kerala,GO EC (IN),Public - Membership Required,,"CEE 3 Pin, Type 2 (Tethered Connector) ",10.797308592491405,76.82754081494369
"SR Jungle Resort, Anaikatti",Anaikatti,Tamil Nadu ,Zeon Charging,Public,,Type 2 (Tethered Connector) ,11.11848,76.75985
Palakkad Ahalia Food Point EVCS - GO EC,Elappully,Kerala,GO EC (IN),Public - Membership Required,,"CEE 3 Pin, Type 2 (Tethered Connector) ",10.792032259171833,76.82834711933714
Edassery Samrudhi Hypermarket (EVOK) - ChargeMOD,Chalakudy,Kerala,ChargeMod (IN),Public - Membership Required,,CCS (Type 2),10.30310177272014,76.33704224327056
Indian Coffee House (EVOK) - ChargeMOD,Chalakkudy,Kerala,ChargeMod (IN),Public - Membership Required,,CCS (Type 2),10.28934329936537,76.33706820135649
Velanthavalam,Vellamthavalam,Kerala,ChargeMod (IN),Public - Membership Required,,"CEE 3 Pin, CCS (Type 2)",10.809362994233211,76.8463215936606
Reliance Fresh EVCS - GO EC,Kozhikode,Keral,GO EC (IN),Public - Membership Required,,CCS (Type 2),11.23473742288897,75.84670658837746
Clay House Hotel,Chalakkudy,Kerala,ChargeMod (IN),Public - Membership Required,,CCS (Type 2),10.285574229385333,76.34237765373388
Koratty Chennai Anandabhavan EVCS - GO EC,Koratty,Kerala,GO EC (IN),Public - Membership Required,,CCS (Type 2),10.277244588754584,76.34452807905916
 Adyar Ananda Bhavan Navakkarai,Navakkarai,Tamil Nadu,Zeon Charging,Public,,CCS (Type 2),10.85592,76.86251
HiLite Business Park - Zeon,Kozhikode,Kerala,Zeon Charging,Public - Membership Required,,CCS (Type 2),11.24701615784167,75.83467863520764
HiLite Mall - Zeon,Kozhikode,Kerala,Zeon Charging,Public - Membership Required,,CCS (Type 2),11.248102467880244,75.83413591969762
Rotana Motors Meenchanda - Tata Power,Meenchanda,Kerala,Tata Power,Public - Membership Required,,CCS (Type 2),11.213908526645213,75.80263211133581
IOCL Lakshmi Sales & Service - Tata Power,Kozhikode,Kerala,Tata Power,Public - Membership Required,,CCS (Type 2),11.233626863224842,75.80323852757283
Yadav EV Charging Station - ChargeMOD,Kunnamangalam,Kerala,ChargeMod (IN),Public - Membership Required,,CCS (Type 2),11.311692154536999,75.88259339920793
Parekkat's EVCS - GO EC,Mala,Kerala,GO EC (IN),Public - Membership Required,,CCS (Type 2),10.24066911823239,76.27252885130724
Green Amp EVCS - GO EC,Kozhikode,Kerala,GO EC (IN),Public - Membership Required,,"CEE 3 Pin, CCS (Type 2)",11.258801023176659,75.80890434709403
Locus EVCS - ChargeMOD,Koduvally,Kerala,ChargeMod (IN),Public - Membership Required,,"Type 2 (Tethered Connector) , CCS (Type 2)",11.339683842558287,75.89871568981823
Kuttoth Enterprises EVCS - ChargeMOD,Kozhikode,Kerala,ChargeMod (IN),Public - Membership Required,,CCS (Type 2),11.28067356202429,75.8246316733898
RG Nallanna EVCS (EVOK) - ChargeMOD,Kozhikode,Kerala,ChargeMod (IN),Public - Membership Required,,CCS (Type 2),11.280814669423393,75.82434977256585
Gokulam Galleria Mall - Tata Power,Kozhikode,Kerala,Tata Power,Public - Membership Required,,"Type 2 (Tethered Connector) , CCS (Type 2), GB-T DC - GB/T 20234.3",11.258465133509901,75.79290611849729
Centro Mall Charging Station - Tata Power,Kodungallur,Kerala,Tata Power,Public - Membership Required,,CCS (Type 2),10.232489483292568,76.19594022414185
Mughal Mall,Kodungallur,Kerala,Zeon Charging,Public - Membership Required,,CCS (Type 2),10.231319020041099,76.19724309794333
Calicut Malabar Gold - GO EC,Kozhikode,Kerala,GO EC (IN),Public - Membership Required,,"CEE 3 Pin, CCS (Type 2)",11.257861801274402,75.78023060486237
Hill View Resort (EVOK) - ChargeMOD,Athirappilly,Kerala,ChargeMod (IN),Public - Membership Required,,"CEE 3 Pin, CCS (Type 2)",10.286039650950215,76.5585155754053
Hotel Hyson Heritage - Tata Power,Kozhikode,Kerala,Tata Power,Public - Membership Required,,"Type 2 (Tethered Connector) , CCS (Type 2)",11.259214498820043,75.77933452309298
Taj The Gateway Hotel - Tata Power,Kozhikode,Kerala,Tata Power,Public - Membership Required,,CCS (Type 2),11.25868982319139,75.77397870788238
Maxx Inn M Star,Angamaly,Kerala,Zeon Charging,Public - Membership Required,,CCS (Type 2),10.222723756649074,76.37569774238432
Taj The Gateway Hotel - Tata Power,Kozhikode,Kerala,Tata Power,"Private - For Staff, Visitors or Customers",,Type 2 (Tethered Connector) ,11.259029053106843,75.77370839324391
Sree Gokulam Motors - Tata Power,Angamaly,Kerala,Tata Power,Public - Membership Required,,CCS (Type 2),10.221060359476041,76.3767521330019
Gandhi Road KSEB EVCS - ChargeMOD,Kozhikode,Kerala,ChargeMod (IN),Public - Membership Required,,"GB-T DC - GB/T 20234.3, Type 2 (Tethered Connector) , CCS (Type 2), CHAdeMO",11.262784457971506,75.76824105215104
Kodungallur SVS - GO EC,Kodungallur,Kerala,GO EC (IN),Public - Membership Required,,"CEE 3 Pin, CCS (Type 2)",10.21129204884221,76.1989886692013
EVOK Charging Station - ChargeMOD,Angamaly,Kerala,ChargeMod (IN),Public - Membership Required,,CCS (Type 2),10.21406147599896,76.37936728862815
HOTAG EV Charging Station - GO EC,Thamarassery,Kerala,GO EC (IN),Public - Membership Required,,CCS (Type 2),11.404693280918323,75.92956805877805
"Welcome Heritage Ayatana, Ooty",Muttinadu,Tamil Nadu,Zeon Charging,Public,,Type 2 (Tethered Connector) ,11.33652,76.71073
KVR Hyundai - ChargeZone,Kozhikode,Kerala,Chargezone (India),Public - Membership Required,,CCS (Type 2),11.27997830911059,75.77048059797019
MB#Bridgeway Motors - ChargeZone,Kozhikode,Kerala,Chargezone (India),Public - Membership Required,,CCS (Type 2),11.282498947490097,75.76959949804987
Siva Selvi Charging Station,Pollachi,Tamil Nadu,Relux Electric (India),Public - Pay At Location,,CCS (Type 2),10.72709336,76.92989238
Edassery Blue Bells EVCS - ChargeMOD,Angamaly,Kerala,ChargeMod (IN),Public - Membership Required,,"Type 2 (Tethered Connector) , CCS (Type 2)",10.197144124540088,76.38410959459151
V-Green EVCS - GO EC,Angamaly,Kerala,GO EC (IN),Public - Membership Required,,CCS (Type 2),10.20178008680135,76.40966162425627
"Ibex River Resort, Pollachi",Pollachi,Tamil Nadu,Zeon Charging,Public,,Type 2 (Tethered Connector) ,10.64693,76.91992
Thamarassery KESEB EVCS - ChargeMOD,Thamarassery,Kerala,ChargeMod (IN),Public - Membership Required,,"GB-T DC - GB/T 20234.3, Type 2 (Tethered Connector) , CCS (Type 2), CHAdeMO",11.444087429515278,75.95587690828086
Hotel Elite Palazzo,Angamaly,Kerala,ChargeMod (IN),Public - Membership Required,,CCS (Type 2),10.189753400173174,76.38664227055722
Deccan Park Resort,Ooty,Tamil Nadu,Zeon Charging,Public - Pay At Location,,Type 2 (Tethered Connector) ,11.39974,76.66623
IOCL Engapuzha Fuel - Tata Power,Engapuzha,Kerala,Tata Power,Public - Membership Required,,CCS (Type 2),11.465050129739268,75.97017469880149
Pavangad KSEB EVCS - ChargeMOD,Pavangad,Kerala,ChargeMod (IN),Public - Membership Required,,"GB-T DC - GB/T 20234.3, Type 2 (Tethered Connector) , CCS (Type 2), CHAdeMO",11.312411619159988,75.75859062889714
Sterling Ooty - Fern Hill,Ooty,Tamil Nadu,Tata Power,Public,,CCS (Type 2),11.39057,76.69866
Sasthapuri Hotels,Gudalur,Tamil Nadu,(Unknown Operator),Public - Pay At Location,,CCS (Type 2),11.49862,76.49398
ChargeMOD EVCS Hub,Nedumbassery ,Kerala,ChargeMod (IN),Public - Membership Required,,CCS (Type 2),10.16955160052332,76.37225560702467
"Club Mahindra Resort - Derby Green, Ooty",Ooty,Tamil Nadu,Zeon Charging,Public,,Type 2 (Tethered Connector) ,11.4023,76.69714
VEEV Brookfields,Coimbatore,Tamil Nadu,Zeon Charging,Public,,"Type 2 (Tethered Connector) , CCS (Type 2)",11.00939,76.95905
Luxon Motors - Tata Power,Kariyad,Kerala,Tata Power,Public - Membership Required,,CCS (Type 2),10.162042049613518,76.36735603462671
Dhruv EVCS - ChargeMOD,Kunnukara,Kerala,ChargeMod (IN),Public - Membership Required,,"CEE 3 Pin, CCS (Type 2)",10.154913045890254,76.28601444774222
SAJ Earth Resort - Tata Power,Nedumbassery,Kerala,Tata Power,Public - Membership Required,,CCS (Type 2),10.162224246244605,76.3846534973361
Jippus Galaxy EVCS - ChargeMOD,Nedumbassery ,Kerala,ChargeMod (IN),Public - Membership Required,,CCS (Type 2),10.161062057476386,76.38563077960612
Airsuite Airport Hotel,Nedumbassery ,Kerala,ChargeMod (IN),Public - Membership Required,,CCS (Type 2),10.159295127176051,76.378522878571
"Savoy, Ooty - IHCL SeleQtions",Ooty,Tamil Nadu,Tata Power,Public,,CCS (Type 2),11.41494,76.69288
Capgo EVCS - ChargeMOD,Nedumbassery ,Kerala,ChargeMod (IN),Public - Membership Required,,CCS (Type 2),10.1599144837582,76.38915826754294
Hotel Airlink Castle - GO EC,Athani,Kerala,GO EC (IN),Public - Membership Required,,CCS (Type 2),10.155053463306785,76.35471452974735
Taj Cochin Internation Airport Hotel - Tata Power,Nedumbassery ,Kerala,Tata Power,Public - Membership Required,,CCS (Type 2),10.159995038034907,76.39015421888632
Corporation Parking Lot,Coimbatore,Tamil Nadu,(Unknown Operator),Public - Pay At Location,,CCS (Type 2),11.01695,76.96566
Power Zone EV Charging Station - GO EC,North Paravur,Kerala,GO EC (IN),Public - Membership Required,,CCS (Type 2),10.149673029849538,76.21756419275295
CIAL Terminal 1,Nedumbassery ,Kerala,ChargeMod (IN),Public - Membership Required,,CCS (Type 2),10.156867560906605,76.38897989990119
Sundaram Motors Coimbatore,Coimbatore,Tamil Nadu,Chargezone (India),Public,,CCS (Type 2),10.91863,76.98461
CIAL Terminal 3,Nedumbassery ,Kerala,ChargeMod (IN),Public - Membership Required,,CCS (Type 2),10.156586379443638,76.39193156471646
North Paravoor KSEB EVCS - ChargeMOD,North Paravoor,Kerala,ChargeMod (IN),Public - Membership Required,,"GB-T DC - GB/T 20234.3, CCS (Type 2), CHAdeMO",10.145632978293406,76.25690380565499
"Welcomhotel By ITC Hotels, Race Course, Coimbatore",Coimbatore,Tamil Nadu,Statiq (IN),Public,,"Type 2 (Tethered Connector) , CCS (Type 2)",10.99713,76.97389
Taj Vivanta Coimbatore,Coimbatore,Tamil Nadu,Tata Power,Public,,"Type 2 (Tethered Connector) , CCS (Type 2)",11.0025,76.97363
Hotel Gem Park,Ooty,Tamil Nadu,Zeon Charging,Public,,"Type 2 (Tethered Connector) , CCS (Type 2)",11.42074,76.70407
CGH Wayanad Wild EV Charging Station - GO EC,Lakkidi,Kerala,GO EC (IN),Public - Membership Required,,CCS (Type 2),11.518344247894746,76.02125570474698
Athani Energize EVCS,Athani,Kerala,GO EC (IN),Public - Membership Required,,CCS (Type 2),10.141443983212852,76.35293383093199
Gateway Coonoor,Coonoo,Tamil Nadu,Tata Power,Public,,CCS (Type 2),11.34605,76.80108
Zone by The Park Hotel,Coimbatore,Tamil Nadu,Tata Power,Public,,CCS (Type 2),11.01157,76.98444
Club Mahindra Resort - Cherai Beach,Cherai,Kerala,Zeon Charging,"Private - For Staff, Visitors or Customers",,Type 2 (Tethered Connector) ,10.137093999810617,76.18028952544324
Innate Convention Centre ,Aluva,Kerala,GO EC (IN),Public - Membership Required,,CCS (Type 2),10.134847382197862,76.35454903990177
Ibis Coimbatore City Centre,Coimbatore,Tamil Nadu,Chargezone (India),Public,,CCS (Type 2),11.01223,76.98654
3 Star Auto Care,Coimbatore,Tamil Nadu,(Unknown Operator),Public - Pay At Location,,CCS (Type 2),11.01434,76.98979
Wellington Gymkhana Club,Wellington,Tamil Nadu,Zeon Charging,Public,,Type 2 (Tethered Connector) ,11.36142,76.79607
Vythiri KSEB EVCS - ChargeMOD,Vythiri,Kerala,ChargeMod (IN),Public - Membership Required,,"CEE 3 Pin, CCS (Type 2), GB-T DC - GB/T 20234.3",11.545753724925504,76.03937192662642
Zibe Coimbatore by GRT Hotels,Coimbatore,Tamil Nadu,Zeon Charging,Public,,Type 2 (Tethered Connector) ,11.02287,76.99726
PSV EV Point,Coimbatore,Tamil Nadu,(Unknown Operator),Public - Pay At Location,,CCS (Type 2),11.08231,76.98681
Hotel Oottupura (EVOK) - ChargeMOD,Perumbavoor ,Kerala,ChargeMod (IN),Public - Membership Required,,CCS (Type 2),10.130170867903814,76.47072020964066
Thiruvangoor EV Fast Charging Station - ChargeMOD,Kozhikode,Kerala,ChargeMod (IN),Public - Membership Required,,CCS (Type 2),11.382827235535927,75.73593649657082
Prestige EV Super Charging Station - GO EC,Perumbavoor,Kerala,GO EC (IN),Public - Membership Required,,"CEE 3 Pin, CCS (Type 2)",10.116599665826755,76.44569940523843
Gopika EV Charging Station - GO EC,Varappuzha,Kerala,GO EC (IN),Public - Membership Required,,CCS (Type 2),10.087291499865685,76.26789062743649
Konfudha Resort - ChargeMOD,Kalpetta,Kerala,ChargeMod (IN),Public - Membership Required,,"CEE 3 Pin, Type 2 (Tethered Connector) , CCS (Type 2)",11.591455451778742,76.0709097761802
IOCL Singanallur,Coimbatore,Tamil Nadu,Tata Power,Public,,CCS (Type 2),11.0028,77.03874
Cafe Manoila - GO EC,Kalpetta,Kerala,GO EC (IN),Public - Membership Required,,CCS (Type 2),11.597776607258112,76.08013836547212
Rajagiri Hospital EVCS - ChargeMOD,Aluva,Kerala,ChargeMod (IN),Public - Membership Required,,"Type 2 (Tethered Connector) , CCS (Type 2)",10.088031831505504,76.3890422078266
Sulfex Mattress (EVOK) - ChargeMOD,Choornikkara,Kerala,ChargeMod (IN),Public - Membership Required,,CCS (Type 2),10.081559652703305,76.33986741548819
Tata.ev Gokulam Motors - Tata Power,Choornikkara,Kerala,Tata Power,Public - Membership Required,,CCS (Type 2),10.081302790405843,76.33946199404113
Nesto Hypermarket - Zeon,Kalpetta,Kerala,Zeon Charging,Public - Membership Required,,CCS (Type 2),11.603113725229335,76.08314903993465
Fairfield by Marriott Coimbatore,Coimbatore,Tamil Nadu,Chargezone (India),Public,,CCS (Type 2),11.03623,77.03736
EVM MG Motors Coastline Garage - ChargeMOD,Kochi,Kerala,ChargeMod (IN),Public - Membership Required,,CCS (Type 2),10.077284480624044,76.3376412345441
Haribhavanam KMCH,Coimbatore,Tamil Nadu,Relux Electric (India),Public - Membership Required,,CCS (Type 2),11.040221081024029,77.04083279280997
Haribhavanam KMCH,Coimbatore,Tamil Nadu,Relux Electric (India),Public - Pay At Location,,CCS (Type 2),11.04036238,77.04093889
Adyar Ananda Bhavan,Mettupalayam,Tamil Nadu,Statiq (IN),Public,,CCS (Type 2),11.32163,76.9161
Jio BP Pulse - Mettupalayam,Mettupalayam,Tamil Nadu,JIO BP Pulse (India),Public,,CCS (Type 2),11.27928,76.94778
Future Clock EVCS - GO EC,Perumbavoor ,Kerala,GO EC (IN),Public - Membership Required,,"CEE 3 Pin, CCS (Type 2)",10.08987328201421,76.49767034410803
Hotel Sri Mu Saravana Bhavan,Coimbatore,Tamil Nadu,(Unknown Operator),Public - Pay At Location,,CCS (Type 2),11.00142,77.06625
PPS MG Motors,Coimbatore,Tamil Nadu,Tata Power,Public,,CCS (Type 2),11.05013,77.05773
Kalamassery KSEB EVCS - ChargeMOD,Kalamassery,Kerala,ChargeMod (IN),Public - Membership Required,,"GB-T DC - GB/T 20234.3, Type 2 (Tethered Connector) , CCS (Type 2), CHAdeMO",10.053770034128178,76.33086763254079
Rajagiri College EVCS - ChargeMOD,Kalamassery,Kerala,ChargeMod (IN),Public - Membership Required,,"CEE 3 Pin, Type 2 (Tethered Connector) , CCS (Type 2)",10.052459248046603,76.31465630080953
Solar Sparks EVCS - ChargeMOD,Koyilandi,Kerala,ChargeMod (IN),Public - Membership Required,,"CEE 3 Pin, Type 2 (Tethered Connector) , CCS (Type 2)",11.427675411349242,75.70299624247721
TML Marina Motors Pvt. Ltd. Kalpetta - Tata Power,Kalpetta,Kerala,Tata Power,Public - Membership Required,,CCS (Type 2),11.637352766290704,76.09468538005217
Issacs Centre Square - Zeon,Sulthan Batheri,Kerala,(Unknown Operator),Public - Membership Required,,CCS (Type 2),11.661242260762606,76.25568142399845
IOCl Balaji Petroleum - Tata Power,Sulthan Bathery,Kerala,Tata Power,Public - Membership Required,,CCS (Type 2),11.660943020691448,76.24002282400443
Hotel Saugandhika Charging Station - Tata Power,Meenangadi,Kerala,Tata Power,Public - Membership Required,,CCS (Type 2),11.6593282557467,76.20718522782687
Adhithya (EVOK) - ChargeMOD,Sulthan Bathery,Kerala,ChargeMod (IN),Public - Membership Required,,"CEE 3 Pin, CCS (Type 2)",11.66208634339526,76.26492171189932
Meenangadi EVCS - ChargeMOD,Meenangadi,Kerala,ChargeMod (IN),Public - Membership Required,,CCS (Type 2),11.654045695974418,76.15358523502817
TML Sree Gokulam Motors - Tata Power,Edappally,Kerala,Tata Power,Public - Membership Required,,CCS (Type 2),10.03915496555662,76.31555880759106
Steelane (EVOK) - ChargeMOD,Kalamassery,Kerala,ChargeMod (IN),Public - Membership Required,,CCS (Type 2),10.040433868452538,76.33852407332273
EVGO Hub - GO EC,Thrikkakkara,Kerala,GO EC (IN),Public - Membership Required,,CCS (Type 2),10.035673992083431,76.33644845243788
Annalakshmi Drive in,Kotagiri,Tamil Nadu,(Unknown Operator),Public,,CCS (Type 2),11.42336,76.86669
Great Trails Wayanad by GRT Hotels,Kalpetta,Kerala,Zeon Charging,"Private - For Staff, Visitors or Customers",,Type 2 (Tethered Connector) ,11.630455838998557,76.0181458403498
Daffodils EVCS - GO EC,Edapally,Kerala,GO EC (IN),Public - Membership Required,,"CEE 3 Pin, Type 2 (Tethered Connector) , CCS (Type 2)",10.032114506603733,76.32296046331254
Kochi Marriot Hotel,Kochi,Kerala,Chargezone (India),Public - Membership Required,,CCS (Type 2),10.029828147933713,76.30813431285094
 Lakshmi Retreat,Kotagiri,Tamil Nadu,Zeon Charging,Public,,Type 2 (Tethered Connector) ,11.42998,76.86711
Flash Charge - ChargeMOD,Edappally,Keral,ChargeMod (IN),Public - Membership Required,,"CEE 3 Pin, CCS (Type 2)",10.027760860324861,76.31117443905742
Top Dines Hotel - GO EC,Muthanga,Kerala,GO EC (IN),Public - Membership Required,,CCS (Type 2),11.67080198813612,76.36101965515473
Lulu International Shopping Mall EVCS - GO EC,Edapally,Kerala,GO EC (IN),Public - Membership Required,,"CEE 3 Pin, CCS (Type 2)",10.025852998355106,76.30847987689594
Grand Mall,Edappalli,Kerala,Zeon Charging,Public - Membership Required,,CCS (Type 2),10.024160422636712,76.30871193061643
Matha DC EVCS - ChargeMOD,Kizhakkambalam,Kerala,ChargeMod (IN),Public - Membership Required,,"CEE 3 Pin, CCS (Type 2)",10.031936931279205,76.40749252320211
Wonderla - Statiq,Pallikkara,Kerala,Statiq (IN),Public - Membership Required,,"Type 2 (Tethered Connector) , CCS (Type 2)",10.02602207094047,76.3919959661103
Oberon Mall EVCS - GO EC,Edapally,Kerala,GO EC (IN),Public - Membership Required,,CCS (Type 2),10.014373315870898,76.31253274186469
Park Residency EVCS - GO EC,Kakkanad,Kerala,GO EC (IN),Public - Membership Required,,"CEE 3 Pin, CCS (Type 2)",10.014658809069601,76.34240059520744
Tata.ev Luxon Motors - Tata Power,Edappally ,Kerala,Tata Power,Public - Membership Required,,CCS (Type 2),10.011484735873452,76.31138749922593
Gokul Oottupura Restaurant,Edappalli,Kerala,Zeon Charging,Public - Membership Required,,CCS (Type 2),10.011144817352246,76.31249740510384
KSEB Charging Station,Kochi,Kerala,ChargeMod (IN),Public - Membership Required,,"CCS (Type 2), GB-T DC - GB/T 20234.3",10.00539481230841,76.30472192063007
Renvolt (EVOK) - ChargeMOD,Kothamangalam,Kerala,ChargeMod (IN),Public - Membership Required,,CCS (Type 2),10.069470074742668,76.60263007017147
Kaloor KSEB EVCS - ChargeMOD,Kaloor,Kerala,ChargeMod (IN),Public - Membership Required,,"GB-T DC - GB/T 20234.3, Type 2 (Tethered Connector) , CCS (Type 2), CHAdeMO",10.000241036861425,76.29842982467909
Max EVCS - GO EC,Palarivattom,Kerala,GO EC (IN),Public - Membership Required,,CCS (Type 2),9.998499333886073,76.31386095749048
We Connect EVCS - ChargeMOD,Kakkanad,Kerala,ChargeMod (IN),Public - Membership Required,,CCS (Type 2),10.001801810427551,76.36151799279622
Monsoon Empress Hotel EVCS,Palarivattom,Kerala,GO EC (IN),Public - Membership Required,,CCS (Type 2),9.995959579488527,76.31410217952185
Taj Wayanad Resort and Spa- Tata Power,Padinjarathara,Kerala,Tata Power,"Private - For Staff, Visitors or Customers",,"Type 2 (Tethered Connector) , CCS (Type 2)",11.6576333638655,75.96043177655011
Kothamangalam KSEB EVCS - ChargeMOD,Kothamangalam,Kerala,ChargeMod (IN),Public - Membership Required,,"CEE 3 Pin, CCS (Type 2), GB-T DC - GB/T 20234.3",10.053980539499676,76.61538420232228
Chillax EVCS (EVOK) - ChargeMOD,Thammanam,Kerala,ChargeMod (IN),Public - Membership Required,,CCS (Type 2),9.985005178404208,76.3160654318624
ANERT EESL - Ernakulam,Ernakulam,Kerala,EESL (IN),Public - Membership Required,,"Type 2 (Tethered Connector) , CCS (Type 2), CHAdeMO",9.97698850139885,76.2778105180987
Gandhinagar KSEB EVCS - ChargeMOD,Kochi,Kerala,ChargeMod (IN),Public - Membership Required,,"GB-T DC - GB/T 20234.3, Type 2 (Tethered Connector) , CCS (Type 2), CHAdeMO",9.974192529648036,76.29368170309505
Banasura Sagar KSEB EVCS - ChargeMOD,Padinjarathara,Kerala,ChargeMod (IN),Public - Membership Required,,"CEE 3 Pin, CCS (Type 2), GB-T DC - GB/T 20234.3",11.672923978163226,75.95730580932587
Evee Buddy - Memaid EVCS - ChargeMOD,Vyttila,Kerala,ChargeMod (IN),Public - Membership Required,,CCS (Type 2),9.971684804361004,76.32415963358551
Brunton Boatyard,Cochin,Kerala,Zeon Charging,Public - Membership Required,,CCS (Type 2),9.968304525407731,76.24570948393551
EC City Centre EVCS - GO EC,Ernakulam,Kerala,GO EC (IN),Public - Membership Required,,"CEE 3 Pin, CCS (Type 2)",9.96519449241434,76.29662321090922
Vyttila KSEB EVCS - ChargeMOD,Vyttila,Keral,ChargeMod (IN),Public - Membership Required,,"GB-T DC - GB/T 20234.3, Type 2 (Tethered Connector) , CCS (Type 2), CHAdeMO",9.962901962801453,76.31922070618452
Broad Bean Hotel (EVOK) - ChargeMOD,Vyttila,Kerala,ChargeMod (IN),Public - Membership Required,,CCS (Type 2),9.962667763402436,76.31821354245426
Casino Hotel,Kochi,Kerala,Zeon Charging,Public - Membership Required,,Type 2 (Tethered Connector) ,9.96143124399039,76.26949095249614
MPA Tyres EVCS - GO EC,Thrippunithura,Kerala,GO EC (IN),Public - Membership Required,,CCS (Type 2),9.962610267571378,76.35800116158748
BYD EVM Southcoast Service Centre - ChargeMOD,Maradu,Kerala,ChargeMod (IN),Public - Membership Required,,CCS (Type 2),9.94813498576815,76.31850175922932
Prithvi EVCS - GO EC,Kadavanthra,Kerala,GO EC (IN),Public - Membership Required,,"CEE 3 Pin, CCS (Type 2)",9.94745163258068,76.3034155566645
Tribute Royale EVCS - GO EC,Maradu,Kerala,GO EC (IN),Public - Membership Required,,CCS (Type 2),9.94775835957229,76.31854611156217
Central Talkies EVCS - GO EC,Thrippunithura,Kerala,GO EC (IN),Public - Membership Required,,"CEE 3 Pin, CCS (Type 2)",9.948953177742126,76.34771091840872
LiON EVCS - ChargeMOD,Maradu,Kerala,ChargeMod (IN),Public - Membership Required,,CCS (Type 2),9.94222521279606,76.33388510471883
EVM La Maison Citroen Kochi - ChargeMOD,Maradu,Kerala,ChargeMod (IN),Public - Membership Required,,CCS (Type 2),9.940155100929147,76.31841841422022
GATR PowerFin EVCS - ChargeMOD,Muvattupuzha,Kerala,ChargeMod (IN),Public - Membership Required,,CCS (Type 2),9.979468552526953,76.55067812604801
Le Meridien - ChargeZone,Ernakulam,Kerala,Chargezone (India),Public - Membership Required,,CCS (Type 2),9.933863177376935,76.3168740616045
MC Resort Bandipura,Melukamanahally,Karnataka,Statiq (IN),Public,,CCS (Type 2),11.69692,76.63576
Hotel Ganga Grand,Moovattupuzha,Kerala,Zeon Charging,Public - Membership Required,,CCS (Type 2),9.981770565891793,76.57830422508846
PlugMap EVCS by Evan and Eyan - ChargeMOD,Moovattupuzha,Kerala,ChargeMod (IN),Public - Membership Required,,"Type 2 (Tethered Connector) , CCS (Type 2)",9.978862993946649,76.58443995153965
PPG Home EVCS - ChargeMOD,Thrippunithara,Kerala,ChargeMod (IN),Public - Membership Required,,"CEE 3 Pin, Type 2 (Tethered Connector) , CCS (Type 2)",9.932987601606115,76.38873573076705
Kabani International (EVOK) - ChargeMOD,Moovattupuzha,Kerala,ChargeMod (IN),Public - Membership Required,,CCS (Type 2),9.979118267964807,76.58664022612703
Raos EVCS - ChargeMOD,Thrippunithara,Kerala,ChargeMod (IN),Public - Membership Required,,CCS (Type 2),9.93254634166027,76.3882939775574
Mindful EVCS - ChargeMOD,Payyoli,Kerala,ChargeMod (IN),Public - Membership Required,,"CEE 3 Pin, Type 2 (Tethered Connector) , CCS (Type 2)",11.520444916879683,75.61798774380324
MB#Coastal Star - ChargeZone,Ernakulam,Kerala,Chargezone (India),Public - Membership Required,,CCS (Type 2),9.922990219918262,76.31768924611822
Empire Restaurant - ChargeMOD,Tharuvana,Kerala,ChargeMod (IN),Public - Membership Required,,CCS (Type 2),11.736405311635153,75.98674422775375
Vana Vihar Resort Bandipur,Mel Kamanahalli,Karnataka,Tata Power,Public,,CCS (Type 2),11.70634,76.64111
GreenVeel - ChargeZone,Muvattupuzha,Kerala,Chargezone (India),Public - Membership Required,,CCS (Type 2),9.973783778024469,76.6006940918598
EcoPlug EVCS - GO EC,Neriyamangalam,Kerala,GO EC (IN),Public - Membership Required,,CEE 3 Pin,10.05657909163412,76.77664747363906
EVOK Charger - ChargeMOD,Kuttiyady,Kerala,ChargeMod (IN),Public - Membership Required,,CCS (Type 2),11.648901043860448,75.75593648237526
Pineapple City EVCS - ChargeMOD,Thodupuzha,Kerala,ChargeMod (IN),Public - Membership Required,,CCS (Type 2),9.946157359688044,76.6356309994008
Hotel Wayanad Square - ChargeMOD,Mananthavady,Kerala,ChargeMod (IN),Public - Membership Required,,CCS (Type 2),11.796977641816383,76.00660113182988
ANERT EESL - Aahar Restaurant Vadakara,Vadakara,Kerala,EESL (IN),Public - Membership Required,,"Type 2 (Tethered Connector) , CCS (Type 2), CHAdeMO",11.586364891391128,75.59322033744107
Club Mahindra Aleppey Resort,Arookutty,Kerala,Zeon Charging,"Private - For Staff, Visitors or Customers",,Type 2 (Tethered Connector) ,9.859751104489362,76.33582416512633
Vijaya EVCS - GO EC,Kanjiramattom,Kerala,GO EC (IN),Public - Membership Required,,CCS (Type 2),9.851840438387285,76.3893878706051
Junior Kuppanna,Avinashi,Tamil Nadu,Zeon Charging,Public,,CCS (Type 2),11.17708,77.24713
Hotel Woodlands - ChargeMOD,Thodupuzha,Kerala,ChargeMod (IN),Public - Membership Required,,"CEE 3 Pin, CCS (Type 2)",9.91734069694752,76.68758141119349
"Sree Annapoorna Hotel, Avinashi",Avinashi,Tamil Nadu,Zeon Charging,Public,,CCS (Type 2),11.17513,77.26342
Royal EV Charging - ChargeMOD,Koothattukulam,Keraka,ChargeMod (IN),Public - Membership Required,,"CEE 3 Pin, Type 2 (Tethered Connector) , CCS (Type 2)",9.856562504416218,76.59656979753362
Annapoorna - NH Avinashi,Avinashi,Tamil Nadu,Zeon Charging,Public,,CCS (Type 2),11.1778,77.28318
Cafe Udupi Ruchi,Avinashi,Tamil Nadu,Zeon Charging,Public,,CCS (Type 2),11.17719,77.28392
Thodupuzha KSEB EVCS - ChargeMOD,Thodupuzha,Kerala,ChargeMod (IN),Public - Membership Required,,"CEE 3 Pin, CCS (Type 2), GB-T DC - GB/T 20234.3",9.892123471651985,76.7085305288831
GreenVeel - ChargeZone,Idukki,Kerala,Chargezone (India),Public - Membership Required,,CCS (Type 2),9.892548280085137,76.71189442311942
Joance Regency,Thodupuzha,Kerala,Zeon Charging,Public - Membership Required,,CCS (Type 2),9.89428770289264,76.71587116008152
EQ ChargeMate - ChargeMOD,Thalayolaparambu,Kerala,ChargeMod (IN),Public - Membership Required,,"CEE 3 Pin, CCS (Type 2)",9.798850817452347,76.4598873830646
Dhanyalakshmi Fuels BPCL,Gundlupete,Karnataka ,(Unknown Operator),Public,,CCS (Type 2),11.84679,76.67291
EQ EV Nest - ChargeMOD,Karimkunnam,Kerala,ChargeMod (IN),Public - Membership Required,,"CEE 3 Pin, CCS (Type 2)",9.863113531376897,76.6970905245609
Eastend Hotel and Resorts - ChargeMOD,Munnar,Kerala,ChargeMod (IN),Public - Membership Required,,CCS (Type 2),10.087379401509637,77.06169962565411
Chaithanya Hospital EVCS - GO EC,Kuravilangad,Kerala,GO EC (IN),Public - Membership Required,,"CEE 3 Pin, CCS (Type 2)",9.761923840599692,76.56472253025936
Eden Wood Resorts,Munnar,Kerala,Zeon Charging,"Private - For Staff, Visitors or Customers",,Type 2 (Tethered Connector) ,10.025676321659006,77.05377106161887
Reboost EVCS - ChargeMOD,"Panoor, Kannur",Kerala,ChargeMod (IN),Public - Membership Required,,CCS (Type 2),11.754866634887236,75.5780650614575
"Zeon Charging, Sathy",Sathyamangalam ,Tamil Nadu,Zeon Charging,Public,,CCS (Type 2),11.489923919919761,77.24369168562515
Manjoor Beeza Clubhouse EVCS - GO EC,Manjoor,Kerala,GO EC (IN),Public - Membership Required,,CCS (Type 2),9.727579425560023,76.52038777302698
Huts Restaurant EVCS - GO EC,Cherthala,Kerala,GO EC (IN),Public - Membership Required,,"CEE 3 Pin, CCS (Type 2)",9.683890802446342,76.3335821907994
Down Town Mall - Zeon,Thalasseri,Kerala,Zeon Charging,Public - Membership Required,,CCS (Type 2),11.745123385253223,75.49541917459942
GO Green EVCS - GO EC,Anthikkad,Kerala,GO EC (IN),Public - Membership Required,,CCS (Type 2),9.753999722373322,76.70127896431035
KVR Dream Vehicles Thalassery - Tata Power,Thalassery,Kerala,Tata Power,Public - Membership Required,,CCS (Type 2),11.761734248724949,75.50906837861191
Co-Operqative Bank - Zeon,Kathirur,Kerala,Zeon Charging,Public - Membership Required,,"CEE 3 Pin, Type 2 (Tethered Connector) , CCS (Type 2)",11.787885590422789,75.53302104514765
Kalladanthiyil EVCS - GO EC,Neendoor,Kerala,GO EC (IN),Public - Membership Required,,"CEE 3 Pin, CCS (Type 2)",9.68333687975506,76.50559380666749
Moolamattom KSEB EVCS - ChargeMOD,Moolamattom,Kerala,ChargeMod (IN),Public - Membership Required,,"CEE 3 Pin, CCS (Type 2), GB-T DC - GB/T 20234.3",9.789170222066858,76.85385688839403
Flour Mill (EVOK) - ChargeMOD,Pala,Kerala,ChargeMod (IN),Public - Membership Required,,CCS (Type 2),9.711918348051455,76.6932444958519
Nila's Magestic Arcade,Kidangoor,Kerala,GO EC (IN),Public - Membership Required,,CCS (Type 2),9.683248151452077,76.60975356992105
Jim and Jims EVCS - ChargeMOD,Pala,Kerala,ChargeMod (IN),Public - Membership Required,,"CEE 3 Pin, CCS (Type 2)",9.691623797834922,76.64031694680193
ANERT EESL - Pinarayi Park,Kannur,Kerala,EESL (IN),Public - Membership Required,,"Type 2 (Tethered Connector) , CCS (Type 2), CHAdeMO",11.795232100785313,75.49021889997948
ANERT EESL - Autokast ,Cherthala,Kerala,EESL (IN),Public - Membership Required,,"Type 2 (Tethered Connector) , CCS (Type 2), CHAdeMO",9.63370013043675,76.33372244690435
ANERT EESL - DTPC Idukki Park,Idukki,Kerala,EESL (IN),Public - Membership Required,,"Type 2 (Tethered Connector) , CCS (Type 2), CHAdeMO",9.849056508967635,76.97740370583625
Ettumanur Skylight EVCS - GO EC,Ettumanoor,Kerala,GO EC (IN),Public - Membership Required,,"CEE 3 Pin, CCS (Type 2)",9.668171829463475,76.57537881809179
Athirampuzha - ChargeZone,Kottayam,Kerala,Chargezone (India),Public - Membership Required,,CCS (Type 2),9.661688305606717,76.55113745755165
Alpha Hangout Play World,Ettumanoor,Kerala,ChargeMod (IN),Public - Membership Required,,CCS (Type 2),9.661163852215779,76.55132832762774
JSR EVCS - GO EC,Mambaram,Kerala,GO EC (IN),Public - Membership Required,,"CEE 3 Pin, CCS (Type 2)",11.825802052750774,75.50895671019163
Gandhi Nagar KSEB EVCS - ChargeMOD,Arpookara,Kerala,ChargeMod (IN),Public - Membership Required,,"CEE 3 Pin, CCS (Type 2), GB-T DC - GB/T 20234.3",9.632684209424426,76.52440170126067
CGH Marari Beach,Mararikulam,Kerala,Zeon Charging,Public - Membership Required,,Type 2 (Tethered Connector) ,9.596033618612921,76.30277023506221
Palm Peats (EVOK) - ChargeMOD,Erattupetta,Kerala,ChargeMod (IN),Public - Membership Required,,CCS (Type 2),9.690678968394721,76.7745897285775
Sihla Energy - ChargeMOD,Kumarakom,Kerala,ChargeMod (IN),"Private - For Staff, Visitors or Customers",,"Type 2 (Tethered Connector) , CCS (Type 2)",9.594581375188383,76.42606941926459
Indraprastha Hotel (EVOK) - ChargeMOD,Kottayam,Kerala,ChargeMod (IN),Public - Membership Required,,CCS (Type 2),9.601836959255365,76.5321590128982
Sky Penta EVCS - ChargeMOD,Iritty,Kerala,ChargeMod (IN),Public - Membership Required,,CCS (Type 2),11.98556152906157,75.67618166036556
KVR Dream Vehicle - Tata Power,Nadal,Kerala,Tata Power,Public - Membership Required,,"CCS (Type 2), CHAdeMO",11.83285672150295,75.42644169657501
The Grand Ambassador EVCS,Kottayam ,Kerala,GO EC (IN),Public - Membership Required,,CCS (Type 2),9.589399335956784,76.52633053455003
KVR Dream Vehicles Service Centre - Tata Power,Iritty,Kerala,Tata Power,Public - Membership Required,,CCS (Type 2),11.990685920762218,75.65802183107732
Jason Orchard Inn EVCS - GO EC,Alappuzha,Kerala,GO EC (IN),Public - Membership Required,,CCS (Type 2),9.56257506243169,76.32758403292866
Hotel VPS Grand - Palani,Palani,Tamil Nadu,Relux Electric (India),Public - Membership Required,,CCS (Type 2),10.44303096,77.51617095
Hotel Aida,Kottayam,Kerala,Zeon Charging,Public - Membership Required,,CCS (Type 2),9.582880475673022,76.52168622035634
Neo Charge EVCS - GO EC,Alappuzha,Kerala,GO EC (IN),Public - Membership Required,,CCS (Type 2),9.559497168686136,76.32821358891908
Calvarymount Jerry Plaza,Alliyar,Kerala,GO EC (IN),Public - Membership Required,,CCS (Type 2),9.80694248889715,77.04794025522557
Hotel Athira Residency EVCS - GO EC,Kottayam,Kerala,GO EC (IN),Public - Membership Required,,CCS (Type 2),9.578258767585766,76.51947056358193
The Windsor Castle Hotel,Kottayam,Kerala,Zeon Charging,Public - Membership Required,,CCS (Type 2),9.571548200477338,76.51936940989242
Charge n Fresh EVCS - ChargeMOD,Kottayam,Kerala,ChargeMod (IN),Public - Membership Required,,"CEE 3 Pin, CCS (Type 2)",9.586257488209199,76.58841522125499
Poojari’s Nirantara," Jayapura, Mysuru",Karnataka ,Zeon Charging,Public,,CCS (Type 2),12.14124,76.50854
IOCL - MK Petroleum - Tata Power,Thazhe Chovva,Kerala,Tata Power,Public - Membership Required,,CCS (Type 2),11.860150179085252,75.41434121644008
Koodali SCB,Kannur,Kerala,Zeon Charging,Public - Membership Required,,CCS (Type 2),11.927016595657648,75.50042206155453
Tata.ev KVR Dreams Kannur - Tata Power,Kannur ,Kerala,Tata Power,Public - Membership Required,,CCS (Type 2),11.860830340847158,75.41186777793837
Mandrin Sky - GO EC,Kannur,Kerala,GO EC (IN),Public - Membership Required,,CEE 3 Pin,11.927559724028896,75.50047314663138
EQ Vagamon EV Port - ChargeMOD,Vagamon,Kerala,ChargeMod (IN),Public - Membership Required,,"CEE 3 Pin, CCS (Type 2)",9.68430398680107,76.89548263873428
Pallam KSEB EVCS - ChargeMOD,Pallom,Kerala,ChargeMod (IN),Public - Membership Required,,"GB-T DC - GB/T 20234.3, CCS (Type 2), CEE 3 Pin, CHAdeMO",9.543064906573704,76.51423132822606
Amma Restaurant,Alappuzha,Kerala,ChargeMod (IN),Public - Membership Required,,CCS (Type 2),9.519932044528943,76.32752164445753
Cassia Restaurant,Alappuzha,Kerala,Zeon Charging,Public - Membership Required,,CCS (Type 2),9.518713883149715,76.32748515490442
Kannur H&H,Melechowa,Kerala,GO EC (IN),Public - Membership Required,,CCS (Type 2),11.87166370155964,75.39598586155216
Sri Kongu Bakes,Perundurai,Tamil Nadu,Zeon Charging,Public,,"CCS (Type 2), IEC 60309 3-pin",11.28353,77.55823
Thankamanys EV Fast Charging Station - ChargeMOD,Alappuzha,Kerala,ChargeMod (IN),Public - Membership Required,,CCS (Type 2),9.505147465480917,76.32832598188742
Nandanam EVCS - GO EC,Kodungoor,Kerala,GO EC (IN),Public - Membership Required,,CCS (Type 2),9.56707472944133,76.70609404363415
G Mall - GO EC,Kannur,Kerala,GO EC (IN),Public - Membership Required,,CCS (Type 2),11.88020074722374,75.3746647850135
Cassia Regency EVCS - GO EC,Alappuzha,Kerala,GO EC (IN),Public - Membership Required,,"CEE 3 Pin, CCS (Type 2)",9.490169816576028,76.3207371647539
Manjapalam KSEB EVCS - ChargeMOD,Kannur,Kerala,ChargeMod (IN),Public - Membership Required,,"GB-T DC - GB/T 20234.3, Type 2 (Tethered Connector) , CCS (Type 2), CHAdeMO",11.878368279471403,75.35952615318283
Clay Art Cafe - GO EC,Ponkunnam,Kerala,GO EC (IN),Public - Membership Required,,"CEE 3 Pin, CCS (Type 2)",9.566378511526395,76.74160751395914
Urs Kar,Gonikoppa,Karnataka,Zeon Charging,Public,,CCS (Type 2),12.17768,75.90516
Westgate Inn EVCS - GO EC,Kattappana,Kerala,GO EC (IN),Public - Membership Required,,CCS (Type 2),9.747617293321468,77.10541770305377
Kodagu Planter's Club,Gonikoppa,Karnataka,JIO BP Pulse (India),Public,,CCS (Type 2),12.18078,75.91345
Pathalil EVCS - Charge MOD,Nedumkunnam,Kerala,ChargeMod (IN),Public - Membership Required,,CCS (Type 2),9.506164435852696,76.65233361498815
Ambatty Greens Resort,Virajpet,Karnataka,Tata Power,Public,,"Type 2 (Tethered Connector) , CCS (Type 2), CHAdeMO",12.18228,75.828
Changanassery Immaculate Mary EVCS,Changanassery,Kerala,GO EC (IN),Public - Membership Required,,"CEE 3 Pin, CCS (Type 2)",9.459860217939863,76.55518358905402
Kanthari Restaurants,Changanassery,Kerala,Zeon Charging,Public - Membership Required,,CCS (Type 2),9.455165469662148,76.54242382238897
JJ E Fills - ChargeMOD,Changanassery,Kerala,ChargeMod (IN),Public - Membership Required,,"CEE 3 Pin, CCS (Type 2)",9.45225032580369,76.54723889833599
Punnapra KSEB EVCS - ChargeMOD,Punnapra,Kerala,ChargeMod (IN),Public - Membership Required,,"CEE 3 Pin, CCS (Type 2), GB-T DC - GB/T 20234.3",9.42561690304693,76.34677264043893
RD Cinemas,Mundakkayam,Kerala,Zeon Charging,Public - Membership Required,,CCS (Type 2),9.544093022031731,76.87733542382585
"Milky Mist Cafe, Erode Sathy Highway",Erode,Tamil Nadu ,Zeon Charging,Public,,CCS (Type 2),11.3998,77.62536
160kW GREEN ENERGY EV CHARGING STATION,Changanassery,Kerala,(Unknown Operator),Public - Pay At Location,,"CCS (Type 2), Unknown",9.437442172035318,76.54200920369158
Victory Tata,Erode,Tamil Nadu,Zeon Charging,Public,,CCS (Type 2),11.31239,77.66505
Open Kitchen EVCS - GO EC,Kuttikkanam,Kerala,GO EC (IN),Public - Membership Required,,"CEE 3 Pin, CCS (Type 2)",9.580204298452543,76.97061172783384
Shell Recharge Mandakalli,Gudumadanahalli,Karnataka,Shell Recharge (IN),Public,,CCS (Type 2),12.24523,76.65978
PCR Bank EVCS - ChargeMOD,Bakkalam,Kerala,ChargeMod (IN),Public - Membership Required,,"CEE 3 Pin, CCS (Type 2)",11.997449451910612,75.37090752986185
Texvalley,Erode,Tamil Nadu,Zeon Charging,Public,,"CCS (Type 2), Type 2 (Tethered Connector) , IEC 60309 3-pin",11.37172,77.64731
Wealfro EV Hub,Thiruvalla,Kerala,ChargeMod (IN),Public - Membership Required,,CCS (Type 2),9.42107626726309,76.54613416788874
Club Mahindra Resort - Virajpet,Virajpet,Karnataka,Zeon Charging,"Private - For Staff, Visitors or Customers",,Type 2 (Tethered Connector) ,12.20992,75.73586
GO EC Charging Station,Idukki,Kerala,GO EC (IN),Public - Membership Required,,"CEE 3 Pin, CCS (Type 2)",9.665398819574932,77.16084695044691
"Urs Kar, Krishnamurthy Puram",Mysuru,Karnataka,Tata Power,Public,,"CCS (Type 2), CHAdeMO",12.29519,76.6415
Mall Of Mysore,Mysuru,Karnataka,Zeon Charging,Public,,CCS (Type 2),12.2977,76.66446
Iongrid EV Spark - ChargeMOD,Edathwa,Kerala,ChargeMod (IN),Public - Membership Required,,"CEE 3 Pin, Type 2 (Tethered Connector) , CCS (Type 2)",9.367525880261468,76.49951805750726
Hotel Elite,Mallinathapura,Karnataka,Statiq (IN),Public,,CCS (Type 2),12.3459,76.43309
Anand Hypermarket - ChargeMOD,Thiruvalla,Kerala,ChargeMod (IN),Public - Membership Required,,CCS (Type 2),9.373321982204288,76.56481064983558
Shepra Farms,Kollegala,Karnataka,Zeon Charging,Public,,CCS (Type 2),12.13427,77.07437
The Quorum Hotel,Mysuru,Karnataka,ChargeMod (IN),"Private - For Staff, Visitors or Customers",,Type 2 (Tethered Connector) ,12.31223,76.64067
Southern Star Mysore,Mysuru,Karnataka ,Tata Power,Public,,CCS (Type 2),12.31169,76.64328
Hotel Siddharta,Mysuru,Karnataka,Rebolt (IN),Public,,CCS (Type 2),12.30853,76.66071
Sora EVCS - GO EC,Kumali,Kerala,GO EC (IN),Public - Membership Required,,CCS (Type 2),9.614445835422885,77.15390991011253
MG Motor Mysuru,Mysuru,Karnataka,Tata Power,Public,,CCS (Type 2),12.3257,76.61038
"Urs Cars, Hinkal",Mysuru,Karnataka,Zeon Charging,Public,,CCS (Type 2),12.32742,76.60886
Shell Recharge Hinkal,Mysuru,Karnataka,Shell Recharge (IN),Public,,CCS (Type 2),12.3279,76.60826
Nagalakshmi Fuel Station,Mysuru,Karnataka,Statiq (IN),Public,,CCS (Type 2),12.30446,76.70639
Adarsh Kia - Mysore,Mysuru,Karnataka,Tata Power,Public,,CCS (Type 2),12.30706,76.70759
Nexus Centre City,Mysuru,Karnataka,Statiq (IN),Public,,"Type 2 (Tethered Connector) , CCS (Type 2)",12.31857,76.66539
"#1043, 11th cross",mysore,karnataka,(Unknown Operator),Public - Membership Required,,Type 2 (Socket Only),12.335348865021999,76.62012790912104
Kannada Parisath Road,Mysuru,Karnataka,(Unknown Operator),Public - Membership Required,,Unknown,12.336275917196616,76.61874659765198
Grand Mercure Mysore,Mysuru,Karnataka,Zeon Charging,Public,,"Type 2 (Tethered Connector) , CCS (Type 2)",12.3307,76.64479
Shell Recharge Advaith Hyundai Mysuru ,Mysuru,Karnataka,Shell Recharge (IN),Public,,CCS (Type 2),12.34912,76.57168
Club Mahindra Resort - Thekkadi,Kumali,Kerala,Zeon Charging,"Private - For Staff, Visitors or Customers",,Type 2 (Tethered Connector) ,9.603436669871357,77.17154785062633
Quick Charge EVCS - ChargeMOD,Karuvatta,Kerala,ChargeMod (IN),Public - Membership Required,,"CEE 3 Pin, Type 2 (Tethered Connector) , CCS (Type 2)",9.315750048885036,76.40122120264317
"Urs Kar Service Centre Pvt Ltd, Hebbal",Mysuru,Karnataka,Zeon Charging,Public,,CCS (Type 2),12.35354,76.61858
Zeon 24KW Kyathasandra,Kyathasandra,Karnataka,Zeon Charging,Public,,CCS (Type 2),10.081199096245427,77.63011747389908
Amrutham Auto Care EVCS - GO EC,Chengannur,Kerala,GO EC (IN),Public - Membership Required,,"CEE 3 Pin, CCS (Type 2)",9.342144722861462,76.59848783947041
Hotel Arcore,Mysuru,Karnataka,Zeon Charging,Public,,CCS (Type 2),12.352687402465657,76.62920329960255
Ganapati Fuel Station,Mysuru,Karnataka,Statiq (IN),Public,,CCS (Type 2),12.35048,76.63894
V Charge Hub - ChargeMOD,Karuvatta,Kerala,ChargeMod (IN),Public - Membership Required,,"CEE 3 Pin, Type 2 (Tethered Connector) , CCS (Type 2)",9.31425028332201,76.42910773148486
GRS Fantasy Park,Mysuru,Karnataka,Statiq (IN),Public,,"Type 2 (Tethered Connector) , CCS (Type 2)",12.35317,76.6357
Ibis Styles Mysuru,Mysuru,Karnataka,Zeon Charging,Public,,CCS (Type 2),12.35753,76.62834
Manipal Hospital Mysore,Mysuru,Karnataka ,Zeon Charging,Public,,CCS (Type 2),12.350145879658738,76.66019890702132
Akshaya Motors,Mysuru,Karnataka,Chargezone (India),Public,,CCS (Type 2),12.35941,76.62151
Hotel Four Seasons,Kundanahalli,Karnataka,Statiq (IN),Public,,CCS (Type 2),12.38309,76.03155
Adyar Ananda Bhavan,Thennilai,Tamil Nadu,(Unknown Operator),Public,,CCS (Type 2),10.95696,77.85174
The Rove Kodagu,Napoklu,Karnataka,JIO BP Pulse (India),Public,,CCS (Type 2),12.30143,75.67671
Siri Ambari Resorts and Spa,Manchadevanahalli,Karnataka ,Statiq (IN),Public,,CCS (Type 2),12.40038,76.01705
V Volte EVCS - GO EC,Haripad,Kerala,GO EC (IN),Public - Membership Required,,"CEE 3 Pin, CCS (Type 2)",9.289000834095233,76.45653569251749
Quik Energy EVCS - GO EC,Chengannur,Kerala,GO EC (IN),Public - Membership Required,,"CEE 3 Pin, CCS (Type 2)",9.311533026822985,76.62272052601361
Mannil Green Solutions,Mavelikkara,Kerala,Zeon Charging,Public - Membership Required,,CCS (Type 2),9.283238233518844,76.53084010596456
PTC Arcade - ChargeMOD,Chengannur,Kerala,ChargeMod (IN),Public - Membership Required,,"CEE 3 Pin, CCS (Type 2)",9.301293402436599,76.63077878361094
Exit 17 - GO EC,Payyannur,Kerala,GO EC (IN),Public - Membership Required,,"CEE 3 Pin, CCS (Type 2)",12.088637731621432,75.25264584630855
Muzhangodayil EVCS - ChargeMOD,Harippad,,ChargeMod (IN),Public - Membership Required,,CCS (Type 2),9.251673852976054,76.48723263635628
Phills Hub - Zeon,Pathanamthitta,Kerala,Zeon Charging,Public - Membership Required,,CCS (Type 2),9.316719270744642,76.80097101612563
Phills Hub EVCS - ChargeMOD,Pathanamthitta,Kerala,ChargeMod (IN),Public - Membership Required,,CCS (Type 2),9.316652369390567,76.80090226904508
Aravai Aanandas,Karur,Tamil Nadu,Hydra Charging (IN),Public - Membership Required,,CCS (Type 2),10.777439,77.920825
Green Plug EVCS - ChargeMOD,Chengannur,Kerala,ChargeMod (IN),Public - Membership Required,,CCS (Type 2),9.271844657077722,76.65508788685014
Tata Motors - URS KAR,Guddehosuru,Karnataka,Zeon Charging,Public,,CCS (Type 2),12.44616,75.93032
EVOK Pathanamthitta - ChargeMOD,Pathanamthitta,Kerala,ChargeMod (IN),Public - Membership Required,,CCS (Type 2),9.306222052286827,76.80366578189017
Purple Palms Resort & Spa,Kushalnagar,Karnataka,Zeon Charging,Public,,CCS (Type 2),12.44734,75.93211
KVR Dream Vehicles Service Center - Tata Power,Payyanur,Kerala,Tata Power,Public - Membership Required,,CCS (Type 2),12.120003262388039,75.21755451244977
Pamba KSEB EVCS - ChargeMOD,Pamba,Kerala,ChargeMod (IN),Public - Membership Required,,"CEE 3 Pin, CCS (Type 2), GB-T DC - GB/T 20234.3",9.412378118693468,77.069968563425
Askar EV - ChargeMOD,Mavelikkara,Kerala,ChargeMod (IN),Public - Membership Required,,CCS (Type 2),9.23250558016045,76.53790278235039
SS Hyundai - ChargeZone,Pathanamthitta,Kerala,Chargezone (India),Public - Membership Required,,CCS (Type 2),9.27774492539669,76.75468311365398
Church Side Bar & Restuarant,Madikeri,Karnataka,Tata Power,Public,,"CCS (Type 2), CHAdeMO",12.41887,75.74048
Mathil Service Co-Operative Bank EVCS - ChargeMOD,Mathil,Kerala,ChargeMod (IN),Public - Membership Required,,"CEE 3 Pin, Type 2 (Tethered Connector) , CCS (Type 2)",12.176970146284106,75.24675579831333
Evergreen Continental EVCS - GO EC,Pathanamthitta,Kerala,GO EC (IN),Public - Membership Required,,CCS (Type 2),9.26377680925411,76.7854352998848
EQ Point EVCS - ChargeMOD,Payyannur,Kerala,ChargeMod (IN),Public - Membership Required,,"CEE 3 Pin, CCS (Type 2)",12.207766235160378,75.27945212654578
Anjaly EVCS - GO EC,Omallor,Kerala,GO EC (IN),Public - Membership Required,,"CEE 3 Pin, CCS (Type 2)",9.246935401622352,76.75730779092834
Cartist - GO EC,Kayamkulam,Kerala,GO EC (IN),Public - Membership Required,,"CEE 3 Pin, Type 2 (Tethered Connector) , CCS (Type 2)",9.184739728702354,76.49029683829167
Club Mahindra Madikeri,Madikeri,Karnataka,Zeon Charging,"Private - For Staff, Visitors or Customers",,Type 2 (Tethered Connector) ,12.440927112565277,75.71641034319009
Artemis EV Super Charger - ChargeMOD,Mavelikkara,Kerala,ChargeMod (IN),Public - Membership Required,,"CEE 3 Pin, CCS (Type 2)",9.198881109408163,76.60017650492466
V-Net Shopping Complex - Tata Power,Payyannur,Kerala,Tata Power,Public - Membership Required,,CCS (Type 2),12.175048478868092,75.1934333250936
GDM Auditorium - ChargeZone,Kayamkulam,Kerala,Chargezone (India),Public - Membership Required,,CCS (Type 2),9.169962388825738,76.49808791886016
Taj Madikeri Resort & Spa,Madikeri,Karnataka,Tata Power,Public,,CCS (Type 2),12.44606,75.68499
ANERT EESL Milma Diary Plant - EESL,Pathanamthitta ,Kerala,EESL (IN),Public - Membership Required,,"Type 2 (Tethered Connector) , CCS (Type 2), CHAdeMO",9.218788691780205,76.74875398321973
Jio BP Dindigul,Thadikombu,Tamil Nadu,JIO BP Pulse (India),Public,,CCS (Type 2),10.42633,77.95391
A.R. Fuels,Thadikombu,Tamil Nadu,Statiq (IN),Public,,CCS (Type 2),10.42743,77.95434
Sparkzone EVCS - GO EC,Kayamkulam,Kerala,GO EC (IN),Public - Membership Required,,"CEE 3 Pin, CCS (Type 2)",9.14579459592612,76.45936322492247
Saviruchi Veg,Malavalli,Karnataka,Statiq (IN),Public,,CCS (Type 2),12.38494,77.05314
ANERT EESL - KTDC Aahar Restaurant ,Kayamkulam,Lerala,EESL (IN),Public - Membership Required,,"Type 2 (Tethered Connector) , CCS (Type 2), CHAdeMO",9.149021955063077,76.5129182302341
Anaswara Jewellers EVCS - ChargeMOD,Konni,Kerala,ChargeMod (IN),Public - Membership Required,,CCS (Type 2),9.229128424494249,76.84839128111668
EQ Power Buzz EVCS - ChargeMOD,Paranthal,Kerala,ChargeMod (IN),Public - Membership Required,,"CEE 3 Pin, CCS (Type 2)",9.187183740570958,76.70929549578068
Adhithya Green Power - ChargeMOD,Paranthal,Kerala,ChargeMod (IN),Public - Membership Required,,CCS (Type 2),9.180307946017876,76.70896676308257
Vel Saravana bhavan,Dindigul,Tamil Nadu,Zeon Charging,Public,,CCS (Type 2),10.386,77.96756
Bharat Petroleum e-charge station,Chinnalapatti,Tamil Nadu,Statiq (IN),Public,,CCS (Type 2),10.2998,77.9413
Hotel PVK Grand,Dindigul,Tamil Nadu,(Unknown Operator),Public - Pay At Location,,"Type 2 (Tethered Connector) , CCS (Type 2)",10.3741,77.96772
Zufo EVCS,Karunagappalli,Kerala,GO EC (IN),Public - Membership Required,,CCS (Type 2),9.132307411349302,76.51385828713245
Adyar Ananda Bhavan,Dindigul,Tamil Nadu,(Unknown Operator),Public,,CCS (Type 2),10.33668,77.95701
Royale Regency (EVOK) - ChargeMOD,Ochira,Kerala,ChargeMod (IN),Public - Membership Required,,CCS (Type 2),9.130625595290141,76.51429714499989
SR Auto Zone - ChargeMOD,Adoor,Kerala,ChargeMod (IN),Public - Membership Required,,CCS (Type 2),9.162499405108221,76.71051677559518
Udupi Utsav,Sundahalli,Karnataka,Tata Power,Public,,CCS (Type 2),12.50535,76.83215
Wyte Portico Hotel,Adoor,Kerala,Zeon Charging,Public - Membership Required,,CCS (Type 2),9.161947571551806,76.72149631338965
VSB Auto Care,Karur,Tamil Nadu,Relux Electric (India),Public - Membership Required,,CCS (Type 2),10.964214297245903,78.04655560696892
AKR Textiles,Karur,Tamil Nadu,Zeon Charging,Public - Membership Required,,CCS (Type 2),10.963961710013322,78.0480420514914
Ammas Fast - ChargeMOD,Cheruvathur,Kerala,ChargeMod (IN),Public - Membership Required,,"Type 2 (Tethered Connector) , CCS (Type 2)",12.227200225146419,75.15911993928029
Green Earth - GO EC,Adoor,Kerala,GO EC (IN),Public - Membership Required,,"CEE 3 Pin, CCS (Type 2)",9.153564153649185,76.73554436189625
"Kaveri Garage, Seelapadi",Dindugal,Tamil Nadu,Zeon Charging,Public,,CCS (Type 2),10.38031,77.99536
Subbanna Hotel,Karur,Tamil Nadu,Zeon Charging,Public - Membership Required,,CCS (Type 2),10.95773,78.06033
RK Mess & Restaurant,Manmangalam,Tamil Nadu,Statiq (IN),Public - Membership Required,,CCS (Type 2),11.044939,78.055861
Saravana Bhavan,Vaigundam,Tamil Nadu,(Unknown Operator),Public,,CCS (Type 2),11.519422436107646,77.93477088670943
Sri Nathi Restaurant,Paramathi,Tamil Nadu,(Unknown Operator),Public,,CCS (Type 2),11.17039,78.03892
The True Saai Works Karur,Karur,Tamil Nadu,Tata Power,Public,,CCS (Type 2),10.97867,78.06428
11 to 11 Family Restaurant,Karur,Tamil Nadu,GO EC (IN),Public - Membership Required,,CCS (Type 2),11.012148322555575,78.06795342843543
Peninsula Park Residency EVCS - GO EC,Adoor,Kerala,GO EC (IN),Public - Membership Required,,CCS (Type 2),9.145305964259492,76.76585838641842
Kailash Bhavan,Clappana,Kerala,Midgard Electric,Privately Owned - Notice Required,,CEE 3 Pin,9.08818839762424,76.485887744861
Bolt.Earth Charging Station,Bharathi Nagara,Karnataka,Bolt.Earth (IN),Public,,CCS (Type 2),12.48172,77.03598
JB Power EVCS - GO EC,Adoor,Kerala,GO EC (IN),Public - Membership Required,,"CEE 3 Pin, CCS (Type 2)",9.116847049005273,76.74511188165377
Sri Venkateshwara Auto Fuels,Karur,Tamil Nadu,Statiq (IN),Public,,CCS (Type 2),10.90851,78.10009
Hotel Eden Garden,Pandiarajapuram,Tamil Nadu,Tata Power,Public,,CCS (Type 2),10.11237,77.93769
"Sree Saravana Bhavan, Sankagiri",Sangagiri,Tamil Nadu,Zeon Charging,Public,,CCS (Type 2),11.4866,77.99226
Hotel Indraprastha - ChargeZone,Karunagappalli,Kerala,Chargezone (India),Public - Membership Required,,CCS (Type 2),9.052355042165445,76.5354608083407
Best EVCS - ChargeMOD,Karunagappalli,Kerala,Chargezone (India),Public - Membership Required,,CCS (Type 2),9.046053009129778,76.53663078070491
Relux 25KW Chidambaram,Chidambaram, Tamil Nadu,(Unknown Operator),Public - Membership Required,,CCS (Type 2),11.485037495015149,78.01971132004519
chargemod 30kw Amoha hotel, Tiruvannamalai, Tamil Nadu,(Unknown Operator),Public,,CCS (Type 2),11.485037495015149,78.01971132004519
Hotel Temple City,Thathampatti,Tamil Nadu,Zeon Charging,Public,,CCS (Type 2),10.07991,77.97778
Erathu Motors EVCS - GO EC,Puthoor,Kerala,GO EC (IN),Public - Membership Required,,"CEE 3 Pin, CCS (Type 2)",9.051367403391126,76.70324696297251
Raj Residency - Zeon,Kanhangad,Kerala,Zeon Charging,Public - Membership Required,,CCS (Type 2),12.304241742478752,75.09704178085582
Delight Launch Cafe - ChargeMOD,Kottarakkara,Kerala,ChargeMod (IN),Public - Membership Required,,"CEE 3 Pin, CCS (Type 2)",9.059350297189397,76.76600396907929
SK EVCS - GO EC,Pathanapuram,Kerala,GO EC (IN),Public - Membership Required,,"CEE 3 Pin, CCS (Type 2)",9.070991645604138,76.8563112284703
Vrindavan EVCS - GO EC,Inchakkad,Kerala,GO EC (IN),Public - Membership Required,,"CEE 3 Pin, CCS (Type 2)",9.045128433314076,76.77360003943176
Kanhangad KSEB EVCS - ChangeMOD,Kanhangad,Kerala,ChargeMod (IN),Public - Membership Required,,"CEE 3 Pin, CCS (Type 2), GB-T DC - GB/T 20234.3",12.34250549258168,75.11266367140311
